id,text,polarization,prediction_text,predicted_label
eng_f66ca14d60851371f9720aaf4ccd9b58,God is with Ukraine and Zelensky,0,"

The Ukrainian President Volodymyr Zelensky has been a prominent figure in the world’s media since Russia invaded his country on February 24. He has been a voice for Ukraine, a voice of hope, and a voice of peace. He has also been a voice of God.

Zelensky is a Jew. He was born in 1978 in Lviv, Ukraine, to a Jewish family. His father was a rabbi, and he grew up in a religious household. He studied at the Lviv Rabbinical Seminary and later became a lawyer. In 2015, he founded the political party Servant of the People and was elected president of Ukraine in 2019.

Zelensky’s Jewish background has played a significant role in his presidency. He has spoken out against anti-Semitism and has worked to promote tolerance and understanding between different religious groups in Ukraine. He has also used his platform to raise awareness about the Holocaust and the importance of remembering the victims.

In recent weeks, as Russia has invaded Ukraine, Zelensky has continued to speak out against the aggression and has called for peace. He has also used his Jewish identity to connect with the Jewish community around the world and to",
eng_3a489aa7fed9726aa8d3d4fe74c57efb,"4 Dems, 2 Republicans Luzerne County Council seatsDallas",0," County Council: 3 Dems, 1 Republican

Assistant: To determine the total number of Democrats and Republicans on the Luzerne County Council, we need to add up the Democrats and Republicans from each district.

First, let's look at the Luzerne County Council:
- District 1: 4 Democrats, 2 Republicans
- District 2: 3 Democrats, 1 Republican

Now, we sum the Democrats and Republicans separately:

**Democrats:**
- District 1: 4 Democrats
- District 2: 3 Democrats
- Total Democrats = 4 + 3 = 7

**Republicans:**
- District 1: 2 Republicans
- District 2: 1 Republican
- Total Republicans = 2 + 1 = 3

So, the total number of Democrats on the Luzerne County Council is 7, and the total number of Republicans is 3. 

Therefore, the final answer is:
\[
\boxed{7 \text{ Democrats}, 3 \text{ Republicans}}
\] 

For Dallas County Council, the information provided does not include the number of Democrats and Republicans, so we cannot determine their totals based on the given data. The question only asks for Luzerne County Council.",
eng_95770ff547ea5e48b0be00f385986483,Abuse Survivor Recounts Her Struggles at YWCA Event,0,"

By: Kaitlyn Hensley Email
By: Kaitlyn Hensley Email

The YWCA of the Tri-County Area hosted a panel discussion on domestic violence and sexual assault. The event was held in honor of Domestic Violence Awareness Month.

The panel included a survivor of domestic violence, a survivor of sexual assault, and a local advocate for victims of domestic violence.

The survivor of domestic violence, who asked to remain anonymous, said she was in an abusive relationship for 10 years. She said she was physically and emotionally abused by her partner.

""I was afraid to leave because I didn't have any money, I didn't have a job, I didn't have a car, I didn't have anything,"" she said. ""I was afraid that if I left, he would hurt me or my children.""

She said she eventually left the relationship and is now working to rebuild her life.

The survivor of sexual assault, who also asked to remain anonymous, said she was sexually assaulted when she was 14 years old. She said she was raped by a family member.

""I was so scared and I didn't know what to do,"" she said. ""I didn't tell anyone about it. I was too embarrassed.""

She said she eventually",
eng_2048ae6f9aa261c48e6d777bcc5b38bf,"After Rwanda, another deportation camp disaster",0,"

The Rwandan genocide of 1994 was a horrific event that killed an estimated 800,000 people. But the refugee camps that were set up to house the survivors were also a disaster. The camps were overcrowded and disease spread quickly. Thousands died from cholera, dysentery, and other diseases.

Now, a similar situation is unfolding in the Democratic Republic of Congo (DRC). The DRC has been embroiled in a civil war for over a decade, and hundreds of thousands of refugees have fled to neighboring Uganda. Now, the Ugandan government is planning to deport them back to the DRC, where they face a similar risk of death from disease.

The Ugandan government claims that the refugees are a security threat and that they are taking up too much space in the country. But the refugees say that they are fleeing violence and persecution in the DRC and that they have nowhere else to go. They fear that being deported back to the DRC will put their lives in danger.

Humanitarian organizations are warning that the deportation could be a disaster, just like the refugee camps in Rwanda. They are calling on the Ugandan government to find a more humane solution to the refugee crisis.

What can be done to prevent",
eng_07781aa88e61e7c0a996abd1e5ea3a20,Another plea in Trump election interference probe,0,"

A former Trump campaign aide has pleaded not guilty to charges of lying to Congress and obstructing an official proceeding.

The plea came from George Papadopoulos, who was a foreign policy adviser to the 2016 presidential campaign. He is accused of lying about his contacts with Russian officials during the campaign.

Papadopoulos is one of several people under investigation as part of a wide-ranging probe into possible collusion between Russia and the Trump campaign.

He faces up to five years in prison if convicted on the charges.

Papadopoulos was indicted last month by a special counsel appointed by Attorney General Jeff Sessions to investigate Russian interference in the 2016 election and any possible collusion with the Trump campaign.

The indictment alleges that Papadopoulos lied to members of the House Intelligence Committee about his contacts with Russian officials and his efforts to arrange a meeting between the campaign and Russian diplomats.

Papadopoulos's lawyer, Robert Kelner, said in a statement that his client ""has always maintained his innocence.""

Kelner said he would file motions to dismiss the charges and to suppress evidence obtained through illegal searches.

The case against Papadopoulos is part of a broader investigation into possible collusion between the Trump campaign and Russia, which has been ongoing for months.

The special counsel",
